marg_ll,n_c,iter
218.1879837213675,1,1
218.17566312590463,1,2
217.2193227345469,1,3
218.20128233704258,2,1
219.87688781447136,2,2
219.3572205048428,2,3
219.64018245329189,3,1
217.84100000779478,3,2
216.41303682686535,3,3
